Ref,Val,Package,PosX,PosY,Rot,Side
"C1","4.7u","C_0805_2012",191.500000,114.600000,-90.000000,bottom
"C2","100n","C_0603_1608",189.800000,114.700000,-90.000000,bottom
"C3","100n","C_0603_1608",188.500000,114.700000,-90.000000,bottom
"C4","100n","C_0603_1608",189.100000,130.800000,0.000000,bottom
"C5","4.7u","C_0805_2012",183.700000,110.900000,90.000000,bottom
"C6","100n","C_0603_1608",185.300000,110.600000,90.000000,bottom
"C7","10u","C_1206_3216",185.100000,19.200000,-90.000000,bottom
"C8","10u","C_1206_3216",182.600000,19.200000,-90.000000,bottom
"C9","10u","C_1206_3216",182.600000,27.000000,90.000000,bottom
"C10","10u","C_1206_3216",185.100000,27.000000,90.000000,bottom
"C11","100n","C_0603_1608",180.700000,26.400000,90.000000,bottom
"C12","NC","C_0603_1608",177.600000,27.250000,0.000000,bottom
"C13","100n","C_0603_1608",178.400000,17.700000,-90.000000,bottom
"C14","10u","C_1206_3216",172.800000,20.500000,90.000000,bottom
"C15","10u","C_1206_3216",170.300000,20.500000,90.000000,bottom
"C16","47u","C_1206_3216",167.800000,20.500000,90.000000,bottom
"C17","47u","C_1206_3216",165.300000,20.500000,90.000000,bottom
"C18","100n","C_0603_1608",36.600000,136.575000,90.000000,bottom
"C19","100n","C_0603_1608",17.600000,136.575000,90.000000,bottom
"C20","100n","C_0603_1608",5.600000,103.325000,-90.000000,bottom
"C21","100n","C_0603_1608",24.600000,103.325000,-90.000000,bottom
"C22","100n","C_0603_1608",165.375000,43.900000,0.000000,bottom
"C23","100n","C_0603_1608",175.675000,43.900000,0.000000,bottom
"C24","100n","C_0603_1608",185.975000,43.900000,0.000000,bottom
"C25","100n","C_0603_1608",196.275000,43.900000,0.000000,bottom
"C26","100n","C_0603_1608",75.600000,136.575000,90.000000,bottom
"C27","100n","C_0603_1608",56.600000,136.575000,90.000000,bottom
"C28","100n","C_0603_1608",44.600000,103.325000,-90.000000,bottom
"C29","100n","C_0603_1608",63.600000,103.325000,-90.000000,bottom
"C30","100n","C_0603_1608",153.600000,136.575000,90.000000,bottom
"C31","100n","C_0603_1608",134.600000,136.575000,90.000000,bottom
"C32","100n","C_0603_1608",122.600000,103.325000,-90.000000,bottom
"C33","100n","C_0603_1608",141.600000,103.325000,-90.000000,bottom
"C34","100n","C_0603_1608",75.600000,93.575000,90.000000,bottom
"C35","100n","C_0603_1608",56.600000,93.575000,90.000000,bottom
"C36","100n","C_0603_1608",44.600000,60.325000,-90.000000,bottom
"C37","100n","C_0603_1608",63.600000,60.325000,-90.000000,bottom
"C38","100n","C_0603_1608",36.600000,50.574990,90.000000,bottom
"C39","100n","C_0603_1608",17.600000,50.574990,90.000000,bottom
"C40","100n","C_0603_1608",5.600000,17.325000,-90.000000,bottom
"C41","100n","C_0603_1608",24.600000,17.325000,-90.000000,bottom
"C42","100n","C_0603_1608",114.600000,50.575000,90.000000,bottom
"C43","100n","C_0603_1608",95.600000,50.575000,90.000000,bottom
"C44","100n","C_0603_1608",83.600000,17.325000,-90.000000,bottom
"C45","100n","C_0603_1608",102.600000,17.325000,-90.000000,bottom
"C46","100n","C_0603_1608",114.600000,136.575000,90.000000,bottom
"C47","100n","C_0603_1608",95.600000,136.575000,90.000000,bottom
"C48","100n","C_0603_1608",83.600000,103.325000,-90.000000,bottom
"C49","100n","C_0603_1608",102.600000,103.325000,-90.000000,bottom
"C50","100n","C_0603_1608",36.600000,93.574990,90.000000,bottom
"C51","100n","C_0603_1608",17.600000,93.574990,90.000000,bottom
"C52","100n","C_0603_1608",5.600000,60.325000,-90.000000,bottom
"C53","100n","C_0603_1608",24.600000,60.325000,-90.000000,bottom
"C54","100n","C_0603_1608",114.600000,93.575000,90.000000,bottom
"C55","100n","C_0603_1608",95.600000,93.575000,90.000000,bottom
"C56","100n","C_0603_1608",83.600000,60.325000,-90.000000,bottom
"C57","100n","C_0603_1608",102.600000,60.325000,-90.000000,bottom
"C58","100n","C_0603_1608",153.600000,93.575000,90.000000,bottom
"C59","100n","C_0603_1608",134.600000,93.575000,90.000000,bottom
"C60","100n","C_0603_1608",122.600000,60.325000,-90.000000,bottom
"C61","100n","C_0603_1608",141.600000,60.325000,-90.000000,bottom
"C62","100n","C_0603_1608",75.600000,50.575000,90.000000,bottom
"C63","100n","C_0603_1608",56.600000,50.575000,90.000000,bottom
"C64","100n","C_0603_1608",44.600000,17.325000,-90.000000,bottom
"C65","100n","C_0603_1608",63.600000,17.325000,-90.000000,bottom
"C66","100n","C_0603_1608",153.600000,50.575000,90.000000,bottom
"C67","100n","C_0603_1608",134.600000,50.575000,90.000000,bottom
"C68","100n","C_0603_1608",122.600000,17.325000,-90.000000,bottom
"C69","100n","C_0603_1608",141.600000,17.325000,-90.000000,bottom
"J1","~","J_USB_MICROB_47346-0001",196.377800,106.600000,-90.000000,bottom
"MOD1","~","MOD_ESP_12_E",186.900000,129.500000,180.000000,bottom
"P1","~","P_DCJ250-05-A-K1-A",193.900000,23.100000,-90.000000,bottom
"Q1","~","QNP_S8050",192.200000,97.400000,90.000000,bottom
"Q2","~","QNP_S8050",185.600000,97.400000,-90.000000,bottom
"R1","10k","R_0603_1608",198.950000,128.650000,90.000000,bottom
"R2","220k","R_0603_1608",191.400000,128.200000,90.000000,bottom
"R3","100k","R_0603_1608",191.400000,125.500000,90.000000,bottom
"R4","12k","R_0603_1608",168.700000,121.500000,0.000000,bottom
"R5","12k","R_0603_1608",188.900000,96.400000,180.000000,bottom
"R6","12k","R_0603_1608",168.700000,119.500000,0.000000,bottom
"R7","NC","R_NC_0603_1608",198.000000,95.800000,0.000000,bottom
"R8","470R","R_0603_1608",195.900000,96.600000,90.000000,bottom
"R9","12k","R_0603_1608",189.100000,125.500000,180.000000,bottom
"R10","470R","R_0603_1608",182.300000,96.600000,90.000000,bottom
"R11","12k","R_0603_1608",189.100000,129.500000,180.000000,bottom
"R12","12k","R_0603_1608",168.700000,117.500000,0.000000,bottom
"R13","12k","R_0603_1608",188.900000,98.400000,0.000000,bottom
"R14","1k","R_0603_1608",190.000000,110.600000,180.000000,bottom
"R15","10k","R_0603_1608",177.600000,26.000000,180.000000,bottom
"R16","2.21k","R_0603_1608",177.600000,28.500000,0.000000,bottom
"R17","300R","R_0603_1608",6.975000,128.750000,0.000000,bottom
"R18","300R","R_0603_1608",11.975000,128.750000,0.000000,bottom
"R19","300R","R_0603_1608",16.975000,128.750000,0.000000,bottom
"R20","300R","R_0603_1608",21.975000,128.750000,0.000000,bottom
"R21","300R","R_0603_1608",26.975000,128.750000,0.000000,bottom
"R22","300R","R_0603_1608",31.975000,128.750000,0.000000,bottom
"R23","300R","R_0603_1608",36.975000,128.750000,0.000000,bottom
"R24","300R","R_0603_1608",6.975000,124.750000,0.000000,bottom
"R25","300R","R_0603_1608",11.975000,124.750000,0.000000,bottom
"R26","300R","R_0603_1608",16.975000,124.750000,0.000000,bottom
"R27","300R","R_0603_1608",21.975000,124.750000,0.000000,bottom
"R28","300R","R_0603_1608",26.975000,124.750000,0.000000,bottom
"R29","300R","R_0603_1608",31.975000,124.750000,0.000000,bottom
"R30","300R","R_0603_1608",36.975000,124.750000,0.000000,bottom
"R31","300R","R_0603_1608",6.975000,120.750000,0.000000,bottom
"R32","300R","R_0603_1608",11.975000,120.750000,0.000000,bottom
"R33","300R","R_0603_1608",16.975000,120.750000,0.000000,bottom
"R34","300R","R_0603_1608",21.975000,120.750000,0.000000,bottom
"R35","300R","R_0603_1608",26.975000,120.750000,0.000000,bottom
"R36","300R","R_0603_1608",31.975000,120.750000,0.000000,bottom
"R37","300R","R_0603_1608",36.975000,120.750000,0.000000,bottom
"R38","300R","R_0603_1608",6.975000,116.750000,0.000000,bottom
"R39","300R","R_0603_1608",11.975000,116.750000,0.000000,bottom
"R40","300R","R_0603_1608",16.975000,116.750000,0.000000,bottom
"R41","300R","R_0603_1608",21.975000,116.750000,0.000000,bottom
"R42","300R","R_0603_1608",26.975000,116.750000,0.000000,bottom
"R43","300R","R_0603_1608",31.975000,116.750000,0.000000,bottom
"R44","300R","R_0603_1608",36.975000,116.750000,0.000000,bottom
"R45","300R","R_0603_1608",6.975000,112.750000,0.000000,bottom
"R46","300R","R_0603_1608",11.975000,112.750000,0.000000,bottom
"R47","300R","R_0603_1608",16.975000,112.750000,0.000000,bottom
"R48","300R","R_0603_1608",164.050010,41.525000,-90.000000,bottom
"R49","300R","R_0603_1608",164.675000,37.650000,0.000000,bottom
"R50","300R","R_0603_1608",166.125000,32.850000,180.000000,bottom
"R51","300R","R_0603_1608",162.550000,31.925000,-90.000000,bottom
"R52","300R","R_0603_1608",160.425000,34.350000,0.000000,bottom
"R53","300R","R_0603_1608",160.400000,39.150000,0.000000,bottom
"R54","300R","R_0603_1608",164.050010,35.274990,90.000000,bottom
"R55","300R","R_0603_1608",174.350000,41.525000,-90.000000,bottom
"R56","300R","R_0603_1608",174.975000,37.650000,0.000000,bottom
"R57","300R","R_0603_1608",176.425000,32.850000,180.000000,bottom
"R58","300R","R_0603_1608",172.850000,31.925000,-90.000000,bottom
"R59","300R","R_0603_1608",170.725000,34.350000,0.000000,bottom
"R60","300R","R_0603_1608",170.700000,39.150000,0.000000,bottom
"R61","300R","R_0603_1608",174.350000,35.274990,90.000000,bottom
"R62","300R","R_0603_1608",184.650000,41.525000,-90.000000,bottom
"R63","300R","R_0603_1608",185.275000,37.650000,0.000000,bottom
"R64","300R","R_0603_1608",186.725000,32.850000,180.000000,bottom
"R65","300R","R_0603_1608",183.150000,31.925000,-90.000000,bottom
"R66","300R","R_0603_1608",181.025000,34.350000,0.000000,bottom
"R67","300R","R_0603_1608",181.000000,39.150000,0.000000,bottom
"R68","300R","R_0603_1608",184.650000,35.274990,90.000000,bottom
"R69","300R","R_0603_1608",194.950000,41.525000,-90.000000,bottom
"R70","300R","R_0603_1608",195.575000,37.650000,0.000000,bottom
"R71","300R","R_0603_1608",197.025000,32.850000,180.000000,bottom
"R72","300R","R_0603_1608",193.450000,31.925000,-90.000000,bottom
"R73","300R","R_0603_1608",191.325000,34.350000,0.000000,bottom
"R74","300R","R_0603_1608",191.300000,39.150000,0.000000,bottom
"R75","300R","R_0603_1608",194.950000,35.274990,90.000000,bottom
"R76","300R","R_0603_1608",45.975000,128.750000,0.000000,bottom
"R77","300R","R_0603_1608",50.975000,128.750000,0.000000,bottom
"R78","300R","R_0603_1608",55.975000,128.750000,0.000000,bottom
"R79","300R","R_0603_1608",60.975000,128.750000,0.000000,bottom
"R80","300R","R_0603_1608",65.975000,128.750000,0.000000,bottom
"R81","300R","R_0603_1608",70.975000,128.750000,0.000000,bottom
"R82","300R","R_0603_1608",75.975000,128.750000,0.000000,bottom
"R83","300R","R_0603_1608",45.975000,124.750000,0.000000,bottom
"R84","300R","R_0603_1608",50.975000,124.750000,0.000000,bottom
"R85","300R","R_0603_1608",55.975000,124.750000,0.000000,bottom
"R86","300R","R_0603_1608",60.975000,124.750000,0.000000,bottom
"R87","300R","R_0603_1608",65.975000,124.750000,0.000000,bottom
"R88","300R","R_0603_1608",70.975000,124.750000,0.000000,bottom
"R89","300R","R_0603_1608",75.975000,124.750000,0.000000,bottom
"R90","300R","R_0603_1608",45.975000,120.750000,0.000000,bottom
"R91","300R","R_0603_1608",50.975000,120.750000,0.000000,bottom
"R92","300R","R_0603_1608",55.975000,120.750000,0.000000,bottom
"R93","300R","R_0603_1608",60.975000,120.750000,0.000000,bottom
"R94","300R","R_0603_1608",65.975000,120.750000,0.000000,bottom
"R95","300R","R_0603_1608",70.975000,120.750000,0.000000,bottom
"R96","300R","R_0603_1608",75.975000,120.750000,0.000000,bottom
"R97","300R","R_0603_1608",45.975000,116.750000,0.000000,bottom
"R98","300R","R_0603_1608",50.975000,116.750000,0.000000,bottom
"R99","300R","R_0603_1608",55.975000,116.750000,0.000000,bottom
"R100","300R","R_0603_1608",60.975000,116.750000,0.000000,bottom
"R101","300R","R_0603_1608",65.975000,116.750000,0.000000,bottom
"R102","300R","R_0603_1608",70.975000,116.750000,0.000000,bottom
"R103","300R","R_0603_1608",75.975000,116.750000,0.000000,bottom
"R104","300R","R_0603_1608",45.975000,112.750000,0.000000,bottom
"R107","300R","R_0603_1608",123.975000,128.750000,0.000000,bottom
"R108","300R","R_0603_1608",128.975000,128.750000,0.000000,bottom
"R109","300R","R_0603_1608",133.975000,128.750000,0.000000,bottom
"R110","300R","R_0603_1608",138.975000,128.750000,0.000000,bottom
"R111","300R","R_0603_1608",143.975000,128.750000,0.000000,bottom
"R112","300R","R_0603_1608",148.975000,128.750000,0.000000,bottom
"R113","300R","R_0603_1608",153.975000,128.750000,0.000000,bottom
"R114","300R","R_0603_1608",123.975000,124.750000,0.000000,bottom
"R115","300R","R_0603_1608",128.975000,124.750000,0.000000,bottom
"R116","300R","R_0603_1608",133.975000,124.750000,0.000000,bottom
"R117","300R","R_0603_1608",138.975000,124.750000,0.000000,bottom
"R118","300R","R_0603_1608",143.975000,124.750000,0.000000,bottom
"R119","300R","R_0603_1608",148.975000,124.750000,0.000000,bottom
"R120","300R","R_0603_1608",153.975000,124.750000,0.000000,bottom
"R121","300R","R_0603_1608",123.975000,120.750000,0.000000,bottom
"R122","300R","R_0603_1608",128.975000,120.750000,0.000000,bottom
"R123","300R","R_0603_1608",133.975000,120.750000,0.000000,bottom
"R124","300R","R_0603_1608",138.975000,120.750000,0.000000,bottom
"R125","300R","R_0603_1608",143.975000,120.750000,0.000000,bottom
"R126","300R","R_0603_1608",148.975000,120.750000,0.000000,bottom
"R127","300R","R_0603_1608",153.975000,120.750000,0.000000,bottom
"R128","300R","R_0603_1608",123.975000,116.750000,0.000000,bottom
"R129","300R","R_0603_1608",128.975000,116.750000,0.000000,bottom
"R130","300R","R_0603_1608",133.975000,116.750000,0.000000,bottom
"R131","300R","R_0603_1608",138.975000,116.750000,0.000000,bottom
"R132","300R","R_0603_1608",143.975000,116.750000,0.000000,bottom
"R133","300R","R_0603_1608",148.975000,116.750000,0.000000,bottom
"R134","300R","R_0603_1608",153.975000,116.750000,0.000000,bottom
"R135","300R","R_0603_1608",123.975000,112.750000,0.000000,bottom
"R136","300R","R_0603_1608",128.975000,112.750000,0.000000,bottom
"R138","300R","R_0603_1608",45.975000,85.750000,0.000000,bottom
"R139","300R","R_0603_1608",50.975000,85.750000,0.000000,bottom
"R140","300R","R_0603_1608",55.975000,85.750000,0.000000,bottom
"R141","300R","R_0603_1608",60.975000,85.750000,0.000000,bottom
"R142","300R","R_0603_1608",65.975000,85.750000,0.000000,bottom
"R143","300R","R_0603_1608",70.975000,85.750000,0.000000,bottom
"R144","300R","R_0603_1608",75.975000,85.750000,0.000000,bottom
"R145","300R","R_0603_1608",45.975000,81.750000,0.000000,bottom
"R146","300R","R_0603_1608",50.975000,81.750000,0.000000,bottom
"R147","300R","R_0603_1608",55.975000,81.750000,0.000000,bottom
"R148","300R","R_0603_1608",60.975000,81.750000,0.000000,bottom
"R149","300R","R_0603_1608",65.975000,81.750000,0.000000,bottom
"R150","300R","R_0603_1608",70.975000,81.750000,0.000000,bottom
"R151","300R","R_0603_1608",75.975000,81.750000,0.000000,bottom
"R152","300R","R_0603_1608",45.975000,77.750000,0.000000,bottom
"R153","300R","R_0603_1608",50.975000,77.750000,0.000000,bottom
"R154","300R","R_0603_1608",55.975000,77.750000,0.000000,bottom
"R155","300R","R_0603_1608",60.975000,77.750000,0.000000,bottom
"R156","300R","R_0603_1608",65.975000,77.750000,0.000000,bottom
"R157","300R","R_0603_1608",70.975000,77.750000,0.000000,bottom
"R158","300R","R_0603_1608",75.975000,77.750000,0.000000,bottom
"R159","300R","R_0603_1608",45.975000,73.750000,0.000000,bottom
"R160","300R","R_0603_1608",50.975000,73.750000,0.000000,bottom
"R161","300R","R_0603_1608",55.975000,73.750000,0.000000,bottom
"R162","300R","R_0603_1608",60.975000,73.750000,0.000000,bottom
"R163","300R","R_0603_1608",65.975000,73.750000,0.000000,bottom
"R164","300R","R_0603_1608",70.975000,73.750000,0.000000,bottom
"R165","300R","R_0603_1608",75.975000,73.750000,0.000000,bottom
"R166","300R","R_0603_1608",45.975000,69.750000,0.000000,bottom
"R167","300R","R_0603_1608",50.975000,69.750000,0.000000,bottom
"R169","300R","R_0603_1608",6.975000,42.750000,0.000000,bottom
"R170","300R","R_0603_1608",11.975000,42.750000,0.000000,bottom
"R171","300R","R_0603_1608",16.975000,42.750000,0.000000,bottom
"R172","300R","R_0603_1608",21.975000,42.750000,0.000000,bottom
"R173","300R","R_0603_1608",26.975000,42.750000,0.000000,bottom
"R174","300R","R_0603_1608",31.975000,42.750000,0.000000,bottom
"R175","300R","R_0603_1608",36.975000,42.750000,0.000000,bottom
"R176","300R","R_0603_1608",6.975000,38.750000,0.000000,bottom
"R177","300R","R_0603_1608",11.975000,38.750000,0.000000,bottom
"R178","300R","R_0603_1608",16.975000,38.750000,0.000000,bottom
"R179","300R","R_0603_1608",21.975000,38.750000,0.000000,bottom
"R180","300R","R_0603_1608",26.975000,38.750000,0.000000,bottom
"R181","300R","R_0603_1608",31.975000,38.750000,0.000000,bottom
"R182","300R","R_0603_1608",36.975000,38.750000,0.000000,bottom
"R183","300R","R_0603_1608",6.975000,34.750000,0.000000,bottom
"R184","300R","R_0603_1608",11.975000,34.750000,0.000000,bottom
"R185","300R","R_0603_1608",16.975000,34.750000,0.000000,bottom
"R186","300R","R_0603_1608",21.975000,34.750000,0.000000,bottom
"R187","300R","R_0603_1608",26.975000,34.750000,0.000000,bottom
"R188","300R","R_0603_1608",31.975000,34.750000,0.000000,bottom
"R189","300R","R_0603_1608",36.975000,34.750000,0.000000,bottom
"R190","300R","R_0603_1608",6.975000,30.750000,0.000000,bottom
"R191","300R","R_0603_1608",11.975000,30.750000,0.000000,bottom
"R192","300R","R_0603_1608",16.975000,30.750000,0.000000,bottom
"R193","300R","R_0603_1608",21.975000,30.750000,0.000000,bottom
"R194","300R","R_0603_1608",26.975000,30.750000,0.000000,bottom
"R195","300R","R_0603_1608",31.975000,30.750000,0.000000,bottom
"R196","300R","R_0603_1608",36.975000,30.750000,0.000000,bottom
"R197","300R","R_0603_1608",6.975000,26.750000,0.000000,bottom
"R198","300R","R_0603_1608",11.975000,26.750000,0.000000,bottom
"R200","300R","R_0603_1608",84.975000,42.750000,0.000000,bottom
"R201","300R","R_0603_1608",89.975000,42.750000,0.000000,bottom
"R202","300R","R_0603_1608",94.975000,42.750000,0.000000,bottom
"R203","300R","R_0603_1608",99.975000,42.750000,0.000000,bottom
"R204","300R","R_0603_1608",104.975000,42.750000,0.000000,bottom
"R205","300R","R_0603_1608",109.975000,42.750000,0.000000,bottom
"R206","300R","R_0603_1608",114.975000,42.750000,0.000000,bottom
"R207","300R","R_0603_1608",84.975000,38.750000,0.000000,bottom
"R208","300R","R_0603_1608",89.975000,38.750000,0.000000,bottom
"R209","300R","R_0603_1608",94.975000,38.750000,0.000000,bottom
"R210","300R","R_0603_1608",99.975000,38.750000,0.000000,bottom
"R211","300R","R_0603_1608",104.975000,38.750000,0.000000,bottom
"R212","300R","R_0603_1608",109.975000,38.750000,0.000000,bottom
"R213","300R","R_0603_1608",114.975000,38.750000,0.000000,bottom
"R214","300R","R_0603_1608",84.975000,34.750000,0.000000,bottom
"R215","300R","R_0603_1608",89.975000,34.750000,0.000000,bottom
"R216","300R","R_0603_1608",94.975000,34.750000,0.000000,bottom
"R217","300R","R_0603_1608",99.975000,34.750000,0.000000,bottom
"R218","300R","R_0603_1608",104.975000,34.750000,0.000000,bottom
"R219","300R","R_0603_1608",109.975000,34.750000,0.000000,bottom
"R220","300R","R_0603_1608",114.975000,34.750000,0.000000,bottom
"R221","300R","R_0603_1608",84.975000,30.750000,0.000000,bottom
"R222","300R","R_0603_1608",89.975000,30.750000,0.000000,bottom
"R223","300R","R_0603_1608",94.975000,30.750000,0.000000,bottom
"R224","300R","R_0603_1608",99.975000,30.750000,0.000000,bottom
"R225","300R","R_0603_1608",104.975000,30.750000,0.000000,bottom
"R226","300R","R_0603_1608",109.975000,30.750000,0.000000,bottom
"R227","300R","R_0603_1608",114.975000,30.750000,0.000000,bottom
"R228","300R","R_0603_1608",84.975000,26.750000,0.000000,bottom
"R229","300R","R_0603_1608",89.975000,26.750000,0.000000,bottom
"R231","300R","R_0603_1608",84.975000,128.750000,0.000000,bottom
"R232","300R","R_0603_1608",89.975000,128.750000,0.000000,bottom
"R233","300R","R_0603_1608",94.975000,128.750000,0.000000,bottom
"R234","300R","R_0603_1608",99.975000,128.750000,0.000000,bottom
"R235","300R","R_0603_1608",104.975000,128.750000,0.000000,bottom
"R236","300R","R_0603_1608",109.975000,128.750000,0.000000,bottom
"R237","300R","R_0603_1608",114.975000,128.750000,0.000000,bottom
"R238","300R","R_0603_1608",84.975000,124.750000,0.000000,bottom
"R239","300R","R_0603_1608",89.975000,124.750000,0.000000,bottom
"R240","300R","R_0603_1608",94.975000,124.750000,0.000000,bottom
"R241","300R","R_0603_1608",99.975000,124.750000,0.000000,bottom
"R242","300R","R_0603_1608",104.975000,124.750000,0.000000,bottom
"R243","300R","R_0603_1608",109.975000,124.750000,0.000000,bottom
"R244","300R","R_0603_1608",114.975000,124.750000,0.000000,bottom
"R245","300R","R_0603_1608",84.975000,120.750000,0.000000,bottom
"R246","300R","R_0603_1608",89.975000,120.750000,0.000000,bottom
"R247","300R","R_0603_1608",94.975000,120.750000,0.000000,bottom
"R248","300R","R_0603_1608",99.975000,120.750000,0.000000,bottom
"R249","300R","R_0603_1608",104.975000,120.750000,0.000000,bottom
"R250","300R","R_0603_1608",109.975000,120.750000,0.000000,bottom
"R251","300R","R_0603_1608",114.975000,120.750000,0.000000,bottom
"R252","300R","R_0603_1608",84.975000,116.750000,0.000000,bottom
"R253","300R","R_0603_1608",89.975000,116.750000,0.000000,bottom
"R254","300R","R_0603_1608",94.975000,116.750000,0.000000,bottom
"R255","300R","R_0603_1608",99.975000,116.750000,0.000000,bottom
"R256","300R","R_0603_1608",104.975000,116.750000,0.000000,bottom
"R257","300R","R_0603_1608",109.975000,116.750000,0.000000,bottom
"R258","300R","R_0603_1608",114.975000,116.750000,0.000000,bottom
"R259","300R","R_0603_1608",84.975000,112.750000,0.000000,bottom
"R260","300R","R_0603_1608",89.975000,112.750000,0.000000,bottom
"R261","300R","R_0603_1608",94.975000,112.750000,0.000000,bottom
"R262","300R","R_0603_1608",6.975000,85.750000,0.000000,bottom
"R263","300R","R_0603_1608",11.975000,85.750000,0.000000,bottom
"R264","300R","R_0603_1608",16.975000,85.750000,0.000000,bottom
"R265","300R","R_0603_1608",21.975000,85.750000,0.000000,bottom
"R266","300R","R_0603_1608",26.975000,85.750000,0.000000,bottom
"R267","300R","R_0603_1608",31.975000,85.750000,0.000000,bottom
"R268","300R","R_0603_1608",36.975000,85.750000,0.000000,bottom
"R269","300R","R_0603_1608",6.975000,81.750000,0.000000,bottom
"R270","300R","R_0603_1608",11.975000,81.750000,0.000000,bottom
"R271","300R","R_0603_1608",16.975000,81.750000,0.000000,bottom
"R272","300R","R_0603_1608",21.975000,81.750000,0.000000,bottom
"R273","300R","R_0603_1608",26.975000,81.750000,0.000000,bottom
"R274","300R","R_0603_1608",31.975000,81.750000,0.000000,bottom
"R275","300R","R_0603_1608",36.975000,81.750000,0.000000,bottom
"R276","300R","R_0603_1608",6.975000,77.750000,0.000000,bottom
"R277","300R","R_0603_1608",11.975000,77.750000,0.000000,bottom
"R278","300R","R_0603_1608",16.975000,77.750000,0.000000,bottom
"R279","300R","R_0603_1608",21.975000,77.750000,0.000000,bottom
"R280","300R","R_0603_1608",26.975000,77.750000,0.000000,bottom
"R281","300R","R_0603_1608",31.975000,77.750000,0.000000,bottom
"R282","300R","R_0603_1608",36.975000,77.750000,0.000000,bottom
"R283","300R","R_0603_1608",6.975000,73.750000,0.000000,bottom
"R284","300R","R_0603_1608",11.975000,73.750000,0.000000,bottom
"R285","300R","R_0603_1608",16.975000,73.750000,0.000000,bottom
"R286","300R","R_0603_1608",21.975000,73.750000,0.000000,bottom
"R287","300R","R_0603_1608",26.975000,73.750000,0.000000,bottom
"R288","300R","R_0603_1608",31.975000,73.750000,0.000000,bottom
"R289","300R","R_0603_1608",36.975000,73.750000,0.000000,bottom
"R290","300R","R_0603_1608",6.975000,69.750000,0.000000,bottom
"R291","300R","R_0603_1608",11.975000,69.750000,0.000000,bottom
"R292","300R","R_0603_1608",16.975000,69.750000,0.000000,bottom
"R293","300R","R_0603_1608",84.975000,85.750000,0.000000,bottom
"R294","300R","R_0603_1608",89.975000,85.750000,0.000000,bottom
"R295","300R","R_0603_1608",94.975000,85.750000,0.000000,bottom
"R296","300R","R_0603_1608",99.975000,85.750000,0.000000,bottom
"R297","300R","R_0603_1608",104.975000,85.750000,0.000000,bottom
"R298","300R","R_0603_1608",109.975000,85.750000,0.000000,bottom
"R299","300R","R_0603_1608",114.975000,85.750000,0.000000,bottom
"R300","300R","R_0603_1608",84.975000,81.750000,0.000000,bottom
"R301","300R","R_0603_1608",89.975000,81.750000,0.000000,bottom
"R302","300R","R_0603_1608",94.975000,81.750000,0.000000,bottom
"R303","300R","R_0603_1608",99.975000,81.750000,0.000000,bottom
"R304","300R","R_0603_1608",104.975000,81.750000,0.000000,bottom
"R305","300R","R_0603_1608",109.975000,81.750000,0.000000,bottom
"R306","300R","R_0603_1608",114.975000,81.750000,0.000000,bottom
"R307","300R","R_0603_1608",84.975000,77.750000,0.000000,bottom
"R308","300R","R_0603_1608",89.975000,77.750000,0.000000,bottom
"R309","300R","R_0603_1608",94.975000,77.750000,0.000000,bottom
"R310","300R","R_0603_1608",99.975000,77.750000,0.000000,bottom
"R311","300R","R_0603_1608",104.975000,77.750000,0.000000,bottom
"R312","300R","R_0603_1608",109.975000,77.750000,0.000000,bottom
"R313","300R","R_0603_1608",114.975000,77.750000,0.000000,bottom
"R314","300R","R_0603_1608",84.975000,73.750000,0.000000,bottom
"R315","300R","R_0603_1608",89.975000,73.750000,0.000000,bottom
"R316","300R","R_0603_1608",94.975000,73.750000,0.000000,bottom
"R317","300R","R_0603_1608",99.975000,73.750000,0.000000,bottom
"R318","300R","R_0603_1608",104.975000,73.750000,0.000000,bottom
"R319","300R","R_0603_1608",109.975000,73.750000,0.000000,bottom
"R320","300R","R_0603_1608",114.975000,73.750000,0.000000,bottom
"R321","300R","R_0603_1608",84.975000,69.750000,0.000000,bottom
"R322","300R","R_0603_1608",89.975000,69.750000,0.000000,bottom
"R323","300R","R_0603_1608",94.975000,69.750000,0.000000,bottom
"R324","300R","R_0603_1608",123.975000,85.750000,0.000000,bottom
"R325","300R","R_0603_1608",128.975000,85.750000,0.000000,bottom
"R326","300R","R_0603_1608",133.975000,85.750000,0.000000,bottom
"R327","300R","R_0603_1608",138.975000,85.750000,0.000000,bottom
"R328","300R","R_0603_1608",143.975000,85.750000,0.000000,bottom
"R329","300R","R_0603_1608",148.975000,85.750000,0.000000,bottom
"R330","300R","R_0603_1608",153.975000,85.750000,0.000000,bottom
"R331","300R","R_0603_1608",123.975000,81.750000,0.000000,bottom
"R332","300R","R_0603_1608",128.975000,81.750000,0.000000,bottom
"R333","300R","R_0603_1608",133.975000,81.750000,0.000000,bottom
"R334","300R","R_0603_1608",138.975000,81.750000,0.000000,bottom
"R335","300R","R_0603_1608",143.975000,81.750000,0.000000,bottom
"R336","300R","R_0603_1608",148.975000,81.750000,0.000000,bottom
"R337","300R","R_0603_1608",153.975000,81.750000,0.000000,bottom
"R338","300R","R_0603_1608",123.975000,77.750000,0.000000,bottom
"R339","300R","R_0603_1608",128.975000,77.750000,0.000000,bottom
"R340","300R","R_0603_1608",133.975000,77.750000,0.000000,bottom
"R341","300R","R_0603_1608",138.975000,77.750000,0.000000,bottom
"R342","300R","R_0603_1608",143.975000,77.750000,0.000000,bottom
"R343","300R","R_0603_1608",148.975000,77.750000,0.000000,bottom
"R344","300R","R_0603_1608",153.975000,77.750000,0.000000,bottom
"R345","300R","R_0603_1608",123.975000,73.750000,0.000000,bottom
"R346","300R","R_0603_1608",128.975000,73.750000,0.000000,bottom
"R347","300R","R_0603_1608",133.975000,73.750000,0.000000,bottom
"R348","300R","R_0603_1608",138.975000,73.750000,0.000000,bottom
"R349","300R","R_0603_1608",143.975000,73.750000,0.000000,bottom
"R350","300R","R_0603_1608",148.975000,73.750000,0.000000,bottom
"R351","300R","R_0603_1608",153.975000,73.750000,0.000000,bottom
"R352","300R","R_0603_1608",123.975000,69.750000,0.000000,bottom
"R353","300R","R_0603_1608",128.975000,69.750000,0.000000,bottom
"R354","300R","R_0603_1608",133.975000,69.750000,0.000000,bottom
"R355","300R","R_0603_1608",45.975000,42.750000,0.000000,bottom
"R356","300R","R_0603_1608",50.975000,42.750000,0.000000,bottom
"R357","300R","R_0603_1608",55.975000,42.750000,0.000000,bottom
"R358","300R","R_0603_1608",60.975000,42.750000,0.000000,bottom
"R359","300R","R_0603_1608",65.975000,42.750000,0.000000,bottom
"R360","300R","R_0603_1608",70.975000,42.750000,0.000000,bottom
"R361","300R","R_0603_1608",75.975000,42.750000,0.000000,bottom
"R362","300R","R_0603_1608",45.975000,38.750000,0.000000,bottom
"R363","300R","R_0603_1608",50.975000,38.750000,0.000000,bottom
"R364","300R","R_0603_1608",55.975000,38.750000,0.000000,bottom
"R365","300R","R_0603_1608",60.975000,38.750000,0.000000,bottom
"R366","300R","R_0603_1608",65.975000,38.750000,0.000000,bottom
"R367","300R","R_0603_1608",70.975000,38.750000,0.000000,bottom
"R368","300R","R_0603_1608",75.975000,38.750000,0.000000,bottom
"R369","300R","R_0603_1608",45.975000,34.750000,0.000000,bottom
"R370","300R","R_0603_1608",50.975000,34.750000,0.000000,bottom
"R371","300R","R_0603_1608",55.975000,34.750000,0.000000,bottom
"R372","300R","R_0603_1608",60.975000,34.750000,0.000000,bottom
"R373","300R","R_0603_1608",65.975000,34.750000,0.000000,bottom
"R374","300R","R_0603_1608",70.975000,34.750000,0.000000,bottom
"R375","300R","R_0603_1608",75.975000,34.750000,0.000000,bottom
"R376","300R","R_0603_1608",45.975000,30.750000,0.000000,bottom
"R377","300R","R_0603_1608",50.975000,30.750000,0.000000,bottom
"R378","300R","R_0603_1608",55.975000,30.750000,0.000000,bottom
"R379","300R","R_0603_1608",60.975000,30.750000,0.000000,bottom
"R380","300R","R_0603_1608",65.975000,30.750000,0.000000,bottom
"R381","300R","R_0603_1608",70.975000,30.750000,0.000000,bottom
"R382","300R","R_0603_1608",75.975000,30.750000,0.000000,bottom
"R383","300R","R_0603_1608",45.975000,26.750000,0.000000,bottom
"R384","300R","R_0603_1608",50.975000,26.750000,0.000000,bottom
"R385","300R","R_0603_1608",55.975000,26.750000,0.000000,bottom
"R386","300R","R_0603_1608",123.975000,42.750000,0.000000,bottom
"R387","300R","R_0603_1608",128.975000,42.750000,0.000000,bottom
"R388","300R","R_0603_1608",133.975000,42.750000,0.000000,bottom
"R389","300R","R_0603_1608",138.975000,42.750000,0.000000,bottom
"R390","300R","R_0603_1608",143.975000,42.750000,0.000000,bottom
"R391","300R","R_0603_1608",148.975000,42.750000,0.000000,bottom
"R392","300R","R_0603_1608",153.975000,42.750000,0.000000,bottom
"R393","300R","R_0603_1608",123.975000,38.750000,0.000000,bottom
"R394","300R","R_0603_1608",128.975000,38.750000,0.000000,bottom
"R395","300R","R_0603_1608",133.975000,38.750000,0.000000,bottom
"R396","300R","R_0603_1608",138.975000,38.750000,0.000000,bottom
"R397","300R","R_0603_1608",143.975000,38.750000,0.000000,bottom
"R398","300R","R_0603_1608",148.975000,38.750000,0.000000,bottom
"R399","300R","R_0603_1608",153.975000,38.750000,0.000000,bottom
"R400","300R","R_0603_1608",123.975000,34.750000,0.000000,bottom
"R401","300R","R_0603_1608",128.975000,34.750000,0.000000,bottom
"R402","300R","R_0603_1608",133.975000,34.750000,0.000000,bottom
"R403","300R","R_0603_1608",138.975000,34.750000,0.000000,bottom
"R404","300R","R_0603_1608",143.975000,34.750000,0.000000,bottom
"R405","300R","R_0603_1608",148.975000,34.750000,0.000000,bottom
"R406","300R","R_0603_1608",153.975000,34.750000,0.000000,bottom
"R407","300R","R_0603_1608",123.975000,30.750000,0.000000,bottom
"R408","300R","R_0603_1608",128.975000,30.750000,0.000000,bottom
"R409","300R","R_0603_1608",133.975000,30.750000,0.000000,bottom
"R410","300R","R_0603_1608",138.975000,30.750000,0.000000,bottom
"R411","300R","R_0603_1608",143.975000,30.750000,0.000000,bottom
"R412","300R","R_0603_1608",148.975000,30.750000,0.000000,bottom
"R413","300R","R_0603_1608",153.975000,30.750000,0.000000,bottom
"R414","300R","R_0603_1608",123.975000,26.750000,0.000000,bottom
"R415","300R","R_0603_1608",128.975000,26.750000,0.000000,bottom
"R416","300R","R_0603_1608",133.975000,26.750000,0.000000,bottom
"S1","~","S_7914G-1-000E",194.600000,90.500000,90.000000,bottom
"S2","~","S_7914G-1-000E",183.600000,90.500000,-90.000000,bottom
"U1","~","U_CP2102N-A02-GQFN28R",189.000000,106.700000,0.000000,bottom
"U2","~","VS_TPSM84209RKHT",176.700000,22.500000,180.000000,bottom
"U3","~","U_74HC595D,118",30.600000,134.500000,180.000000,bottom
"U4","~","U_74HC595D,118",11.600000,134.500000,180.000000,bottom
"U5","~","U_74HC595D,118",11.600000,105.500000,0.000000,bottom
"U6","~","U_74HC595D,118",30.600000,105.500000,0.000000,bottom
"U7","~","U_74HC595D,118",163.300000,49.900000,90.000000,bottom
"U8","~","U_74HC595D,118",173.600000,49.900000,90.000000,bottom
"U9","~","U_74HC595D,118",183.900000,49.900000,90.000000,bottom
"U10","~","U_74HC595D,118",194.200000,49.900000,90.000000,bottom
"U11","~","U_74HC595D,118",69.600000,134.500000,180.000000,bottom
"U12","~","U_74HC595D,118",50.600000,134.500000,180.000000,bottom
"U13","~","U_74HC595D,118",50.600000,105.500000,0.000000,bottom
"U14","~","U_74HC595D,118",69.600000,105.500000,0.000000,bottom
"U15","~","U_74HC595D,118",147.600000,134.500000,180.000000,bottom
"U16","~","U_74HC595D,118",128.600000,134.500000,180.000000,bottom
"U17","~","U_74HC595D,118",128.600000,105.500000,0.000000,bottom
"U18","~","U_74HC595D,118",147.600000,105.500000,0.000000,bottom
"U19","~","U_74HC595D,118",69.600000,91.500000,180.000000,bottom
"U20","~","U_74HC595D,118",50.600000,91.500000,180.000000,bottom
"U21","~","U_74HC595D,118",50.600000,62.500000,0.000000,bottom
"U22","~","U_74HC595D,118",69.600000,62.500000,0.000000,bottom
"U23","~","U_74HC595D,118",30.600000,48.500000,180.000000,bottom
"U24","~","U_74HC595D,118",11.600000,48.500000,180.000000,bottom
"U25","~","U_74HC595D,118",11.600000,19.500000,0.000000,bottom
"U26","~","U_74HC595D,118",30.600000,19.500000,0.000000,bottom
"U27","~","U_74HC595D,118",108.600000,48.500000,180.000000,bottom
"U28","~","U_74HC595D,118",89.600000,48.500000,180.000000,bottom
"U29","~","U_74HC595D,118",89.600000,19.500000,0.000000,bottom
"U30","~","U_74HC595D,118",108.600000,19.500000,0.000000,bottom
"U31","~","U_74HC595D,118",108.600000,134.500000,180.000000,bottom
"U32","~","U_74HC595D,118",89.600000,134.500000,180.000000,bottom
"U33","~","U_74HC595D,118",89.600000,105.500000,0.000000,bottom
"U34","~","U_74HC595D,118",108.600000,105.500000,0.000000,bottom
"U35","~","U_74HC595D,118",30.600000,91.500000,180.000000,bottom
"U36","~","U_74HC595D,118",11.600000,91.500000,180.000000,bottom
"U37","~","U_74HC595D,118",11.600000,62.500000,0.000000,bottom
"U38","~","U_74HC595D,118",30.600000,62.500000,0.000000,bottom
"U39","~","U_74HC595D,118",108.600000,91.500000,180.000000,bottom
"U40","~","U_74HC595D,118",89.600000,91.500000,180.000000,bottom
"U41","~","U_74HC595D,118",89.600000,62.500000,0.000000,bottom
"U42","~","U_74HC595D,118",108.600000,62.500000,0.000000,bottom
"U43","~","U_74HC595D,118",147.600000,91.500000,180.000000,bottom
"U44","~","U_74HC595D,118",128.600000,91.500000,180.000000,bottom
"U45","~","U_74HC595D,118",128.600000,62.500000,0.000000,bottom
"U46","~","U_74HC595D,118",147.600000,62.500000,0.000000,bottom
"U47","~","U_74HC595D,118",69.600000,48.500000,180.000000,bottom
"U48","~","U_74HC595D,118",50.600000,48.500000,180.000000,bottom
"U49","~","U_74HC595D,118",50.600000,19.500000,0.000000,bottom
"U50","~","U_74HC595D,118",69.600000,19.500000,0.000000,bottom
"U51","~","U_74HC595D,118",147.600000,48.500000,180.000000,bottom
"U52","~","U_74HC595D,118",128.600000,48.500000,180.000000,bottom
"U53","~","U_74HC595D,118",128.600000,19.500000,0.000000,bottom
"U54","~","U_74HC595D,118",147.600000,19.500000,0.000000,bottom
"D1","~","OL_NCD0603O1",7.700000,128.000000,90.000000,top
"D2","~","OL_NCD0603O1",12.700000,128.000000,90.000000,top
"D3","~","OL_NCD0603O1",17.700000,128.000000,90.000000,top
"D4","~","OL_NCD0603O1",22.700000,128.000000,90.000000,top
"D5","~","OL_NCD0603O1",27.700000,128.000000,90.000000,top
"D6","~","OL_NCD0603O1",32.700000,128.000000,90.000000,top
"D7","~","OL_NCD0603O1",37.700000,128.000000,90.000000,top
"D8","~","OL_NCD0603O1",7.700000,124.000000,90.000000,top
"D9","~","OL_NCD0603O1",12.700000,124.000000,90.000000,top
"D10","~","OL_NCD0603O1",17.700000,124.000000,90.000000,top
"D11","~","OL_NCD0603O1",22.700000,124.000000,90.000000,top
"D12","~","OL_NCD0603O1",27.700000,124.000000,90.000000,top
"D13","~","OL_NCD0603O1",32.700000,124.000000,90.000000,top
"D14","~","OL_NCD0603O1",37.700000,124.000000,90.000000,top
"D15","~","OL_NCD0603O1",7.700000,120.000000,90.000000,top
"D16","~","OL_NCD0603O1",12.700000,120.000000,90.000000,top
"D17","~","OL_NCD0603O1",17.700000,120.000000,90.000000,top
"D18","~","OL_NCD0603O1",22.700000,120.000000,90.000000,top
"D19","~","OL_NCD0603O1",27.700000,120.000000,90.000000,top
"D20","~","OL_NCD0603O1",32.700000,120.000000,90.000000,top
"D21","~","OL_NCD0603O1",37.700000,120.000000,90.000000,top
"D22","~","OL_NCD0603O1",7.700000,116.000000,90.000000,top
"D23","~","OL_NCD0603O1",12.700000,116.000000,90.000000,top
"D24","~","OL_NCD0603O1",17.700000,116.000000,90.000000,top
"D25","~","OL_NCD0603O1",22.700000,116.000000,90.000000,top
"D26","~","OL_NCD0603O1",27.700000,116.000000,90.000000,top
"D27","~","OL_NCD0603O1",32.700000,116.000000,90.000000,top
"D28","~","OL_NCD0603O1",37.700000,116.000000,90.000000,top
"D29","~","OL_NCD0603O1",7.700000,112.000000,90.000000,top
"D30","~","OL_NCD0603O1",12.700000,112.000000,90.000000,top
"D31","~","OL_NCD0603O1",17.700000,112.000000,90.000000,top
"D32","~","OL_NCD0603O1",163.300000,40.800000,0.000000,top
"D33","~","OL_NCD0603O1",165.400000,38.400000,-90.000000,top
"D34","~","OL_NCD0603O1",165.400000,33.600000,-90.000000,top
"D35","~","OL_NCD0603O1",163.300000,31.200000,180.000000,top
"D36","~","OL_NCD0603O1",161.150000,33.600000,90.000000,top
"D37","~","OL_NCD0603O1",161.125000,38.400000,90.000000,top
"D38","~","OL_NCD0603O1",163.300000,36.000000,0.000000,top
"D39","~","OL_NCD0603O1",173.600000,40.800000,0.000000,top
"D40","~","OL_NCD0603O1",175.700000,38.400000,-90.000000,top
"D41","~","OL_NCD0603O1",175.700000,33.600000,-90.000000,top
"D42","~","OL_NCD0603O1",173.600000,31.200000,180.000000,top
"D43","~","OL_NCD0603O1",171.450000,33.600000,90.000000,top
"D44","~","OL_NCD0603O1",171.425000,38.400000,90.000000,top
"D45","~","OL_NCD0603O1",173.600000,36.000000,0.000000,top
"D46","~","OL_NCD0603O1",183.900000,40.800000,0.000000,top
"D47","~","OL_NCD0603O1",186.000000,38.400000,-90.000000,top
"D48","~","OL_NCD0603O1",186.000000,33.600000,-90.000000,top
"D49","~","OL_NCD0603O1",183.900000,31.200000,180.000000,top
"D50","~","OL_NCD0603O1",181.750000,33.600000,90.000000,top
"D51","~","OL_NCD0603O1",181.725000,38.400000,90.000000,top
"D52","~","OL_NCD0603O1",183.900000,36.000000,0.000000,top
"D53","~","OL_NCD0603O1",194.200000,40.800000,0.000000,top
"D54","~","OL_NCD0603O1",196.300000,38.400000,-90.000000,top
"D55","~","OL_NCD0603O1",196.300000,33.600000,-90.000000,top
"D56","~","OL_NCD0603O1",194.200000,31.200000,180.000000,top
"D57","~","OL_NCD0603O1",192.050000,33.600000,90.000000,top
"D58","~","OL_NCD0603O1",192.025000,38.400000,90.000000,top
"D59","~","OL_NCD0603O1",194.200000,36.000000,0.000000,top
"D60","~","OL_NCD0603O1",46.700000,128.000000,90.000000,top
"D61","~","OL_NCD0603O1",51.700000,128.000000,90.000000,top
"D62","~","OL_NCD0603O1",56.700000,128.000000,90.000000,top
"D63","~","OL_NCD0603O1",61.700000,128.000000,90.000000,top
"D64","~","OL_NCD0603O1",66.700000,128.000000,90.000000,top
"D65","~","OL_NCD0603O1",71.700000,128.000000,90.000000,top
"D66","~","OL_NCD0603O1",76.700000,128.000000,90.000000,top
"D67","~","OL_NCD0603O1",46.700000,124.000000,90.000000,top
"D68","~","OL_NCD0603O1",51.700000,124.000000,90.000000,top
"D69","~","OL_NCD0603O1",56.700000,124.000000,90.000000,top
"D70","~","OL_NCD0603O1",61.700000,124.000000,90.000000,top
"D71","~","OL_NCD0603O1",66.700000,124.000000,90.000000,top
"D72","~","OL_NCD0603O1",71.700000,124.000000,90.000000,top
"D73","~","OL_NCD0603O1",76.700000,124.000000,90.000000,top
"D74","~","OL_NCD0603O1",46.700000,120.000000,90.000000,top
"D75","~","OL_NCD0603O1",51.700000,120.000000,90.000000,top
"D76","~","OL_NCD0603O1",56.700000,120.000000,90.000000,top
"D77","~","OL_NCD0603O1",61.700000,120.000000,90.000000,top
"D78","~","OL_NCD0603O1",66.700000,120.000000,90.000000,top
"D79","~","OL_NCD0603O1",71.700000,120.000000,90.000000,top
"D80","~","OL_NCD0603O1",76.700000,120.000000,90.000000,top
"D81","~","OL_NCD0603O1",46.700000,116.000000,90.000000,top
"D82","~","OL_NCD0603O1",51.700000,116.000000,90.000000,top
"D83","~","OL_NCD0603O1",56.700000,116.000000,90.000000,top
"D84","~","OL_NCD0603O1",61.700000,116.000000,90.000000,top
"D85","~","OL_NCD0603O1",66.700000,116.000000,90.000000,top
"D86","~","OL_NCD0603O1",71.700000,116.000000,90.000000,top
"D87","~","OL_NCD0603O1",76.700000,116.000000,90.000000,top
"D88","~","OL_NCD0603O1",46.700000,112.000000,90.000000,top
"D91","~","OL_NCD0603O1",124.700000,128.000000,90.000000,top
"D92","~","OL_NCD0603O1",129.700000,128.000000,90.000000,top
"D93","~","OL_NCD0603O1",134.700000,128.000000,90.000000,top
"D94","~","OL_NCD0603O1",139.700000,128.000000,90.000000,top
"D95","~","OL_NCD0603O1",144.700000,128.000000,90.000000,top
"D96","~","OL_NCD0603O1",149.700000,128.000000,90.000000,top
"D97","~","OL_NCD0603O1",154.700000,128.000000,90.000000,top
"D98","~","OL_NCD0603O1",124.700000,124.000000,90.000000,top
"D99","~","OL_NCD0603O1",129.700000,124.000000,90.000000,top
"D100","~","OL_NCD0603O1",134.700000,124.000000,90.000000,top
"D101","~","OL_NCD0603O1",139.700000,124.000000,90.000000,top
"D102","~","OL_NCD0603O1",144.700000,124.000000,90.000000,top
"D103","~","OL_NCD0603O1",149.700000,124.000000,90.000000,top
"D104","~","OL_NCD0603O1",154.700000,124.000000,90.000000,top
"D105","~","OL_NCD0603O1",124.700000,120.000000,90.000000,top
"D106","~","OL_NCD0603O1",129.700000,120.000000,90.000000,top
"D107","~","OL_NCD0603O1",134.700000,120.000000,90.000000,top
"D108","~","OL_NCD0603O1",139.700000,120.000000,90.000000,top
"D109","~","OL_NCD0603O1",144.700000,120.000000,90.000000,top
"D110","~","OL_NCD0603O1",149.700000,120.000000,90.000000,top
"D111","~","OL_NCD0603O1",154.700000,120.000000,90.000000,top
"D112","~","OL_NCD0603O1",124.700000,116.000000,90.000000,top
"D113","~","OL_NCD0603O1",129.700000,116.000000,90.000000,top
"D114","~","OL_NCD0603O1",134.700000,116.000000,90.000000,top
"D115","~","OL_NCD0603O1",139.700000,116.000000,90.000000,top
"D116","~","OL_NCD0603O1",144.700000,116.000000,90.000000,top
"D117","~","OL_NCD0603O1",149.700000,116.000000,90.000000,top
"D118","~","OL_NCD0603O1",154.700000,116.000000,90.000000,top
"D119","~","OL_NCD0603O1",124.700000,112.000000,90.000000,top
"D120","~","OL_NCD0603O1",129.700000,112.000000,90.000000,top
"D122","~","OL_NCD0603O1",46.700000,85.000000,90.000000,top
"D123","~","OL_NCD0603O1",51.700000,85.000000,90.000000,top
"D124","~","OL_NCD0603O1",56.700000,85.000000,90.000000,top
"D125","~","OL_NCD0603O1",61.700000,85.000000,90.000000,top
"D126","~","OL_NCD0603O1",66.700000,85.000000,90.000000,top
"D127","~","OL_NCD0603O1",71.700000,85.000000,90.000000,top
"D128","~","OL_NCD0603O1",76.700000,85.000000,90.000000,top
"D129","~","OL_NCD0603O1",46.700000,81.000000,90.000000,top
"D130","~","OL_NCD0603O1",51.700000,81.000000,90.000000,top
"D131","~","OL_NCD0603O1",56.700000,81.000000,90.000000,top
"D132","~","OL_NCD0603O1",61.700000,81.000000,90.000000,top
"D133","~","OL_NCD0603O1",66.700000,81.000000,90.000000,top
"D134","~","OL_NCD0603O1",71.700000,81.000000,90.000000,top
"D135","~","OL_NCD0603O1",76.700000,81.000000,90.000000,top
"D136","~","OL_NCD0603O1",46.700000,77.000000,90.000000,top
"D137","~","OL_NCD0603O1",51.700000,77.000000,90.000000,top
"D138","~","OL_NCD0603O1",56.700000,77.000000,90.000000,top
"D139","~","OL_NCD0603O1",61.700000,77.000000,90.000000,top
"D140","~","OL_NCD0603O1",66.700000,77.000000,90.000000,top
"D141","~","OL_NCD0603O1",71.700000,77.000000,90.000000,top
"D142","~","OL_NCD0603O1",76.700000,77.000000,90.000000,top
"D143","~","OL_NCD0603O1",46.700000,73.000000,90.000000,top
"D144","~","OL_NCD0603O1",51.700000,73.000000,90.000000,top
"D145","~","OL_NCD0603O1",56.700000,73.000000,90.000000,top
"D146","~","OL_NCD0603O1",61.700000,73.000000,90.000000,top
"D147","~","OL_NCD0603O1",66.700000,73.000000,90.000000,top
"D148","~","OL_NCD0603O1",71.700000,73.000000,90.000000,top
"D149","~","OL_NCD0603O1",76.700000,73.000000,90.000000,top
"D150","~","OL_NCD0603O1",46.700000,69.000000,90.000000,top
"D151","~","OL_NCD0603O1",51.700000,69.000000,90.000000,top
"D153","~","OL_NCD0603O1",7.700000,42.000000,90.000000,top
"D154","~","OL_NCD0603O1",12.700000,42.000000,90.000000,top
"D155","~","OL_NCD0603O1",17.700000,42.000000,90.000000,top
"D156","~","OL_NCD0603O1",22.700000,42.000000,90.000000,top
"D157","~","OL_NCD0603O1",27.700000,42.000000,90.000000,top
"D158","~","OL_NCD0603O1",32.700000,42.000000,90.000000,top
"D159","~","OL_NCD0603O1",37.700000,42.000000,90.000000,top
"D160","~","OL_NCD0603O1",7.700000,38.000000,90.000000,top
"D161","~","OL_NCD0603O1",12.700000,38.000000,90.000000,top
"D162","~","OL_NCD0603O1",17.700000,38.000000,90.000000,top
"D163","~","OL_NCD0603O1",22.700000,38.000000,90.000000,top
"D164","~","OL_NCD0603O1",27.700000,38.000000,90.000000,top
"D165","~","OL_NCD0603O1",32.700000,38.000000,90.000000,top
"D166","~","OL_NCD0603O1",37.700000,38.000000,90.000000,top
"D167","~","OL_NCD0603O1",7.700000,34.000000,90.000000,top
"D168","~","OL_NCD0603O1",12.700000,34.000000,90.000000,top
"D169","~","OL_NCD0603O1",17.700000,34.000000,90.000000,top
"D170","~","OL_NCD0603O1",22.700000,34.000000,90.000000,top
"D171","~","OL_NCD0603O1",27.700000,34.000000,90.000000,top
"D172","~","OL_NCD0603O1",32.700000,34.000000,90.000000,top
"D173","~","OL_NCD0603O1",37.700000,34.000000,90.000000,top
"D174","~","OL_NCD0603O1",7.700000,30.000000,90.000000,top
"D175","~","OL_NCD0603O1",12.700000,30.000000,90.000000,top
"D176","~","OL_NCD0603O1",17.700000,30.000000,90.000000,top
"D177","~","OL_NCD0603O1",22.700000,30.000000,90.000000,top
"D178","~","OL_NCD0603O1",27.700000,30.000000,90.000000,top
"D179","~","OL_NCD0603O1",32.700000,30.000000,90.000000,top
"D180","~","OL_NCD0603O1",37.700000,30.000000,90.000000,top
"D181","~","OL_NCD0603O1",7.700000,26.000000,90.000000,top
"D182","~","OL_NCD0603O1",12.700000,26.000000,90.000000,top
"D184","~","OL_NCD0603O1",85.700000,42.000000,90.000000,top
"D185","~","OL_NCD0603O1",90.700000,42.000000,90.000000,top
"D186","~","OL_NCD0603O1",95.700000,42.000000,90.000000,top
"D187","~","OL_NCD0603O1",100.700000,42.000000,90.000000,top
"D188","~","OL_NCD0603O1",105.700000,42.000000,90.000000,top
"D189","~","OL_NCD0603O1",110.700000,42.000000,90.000000,top
"D190","~","OL_NCD0603O1",115.700000,42.000000,90.000000,top
"D191","~","OL_NCD0603O1",85.700000,38.000000,90.000000,top
"D192","~","OL_NCD0603O1",90.700000,38.000000,90.000000,top
"D193","~","OL_NCD0603O1",95.700000,38.000000,90.000000,top
"D194","~","OL_NCD0603O1",100.700000,38.000000,90.000000,top
"D195","~","OL_NCD0603O1",105.700000,38.000000,90.000000,top
"D196","~","OL_NCD0603O1",110.700000,38.000000,90.000000,top
"D197","~","OL_NCD0603O1",115.700000,38.000000,90.000000,top
"D198","~","OL_NCD0603O1",85.700000,34.000000,90.000000,top
"D199","~","OL_NCD0603O1",90.700000,34.000000,90.000000,top
"D200","~","OL_NCD0603O1",95.700000,34.000000,90.000000,top
"D201","~","OL_NCD0603O1",100.700000,34.000000,90.000000,top
"D202","~","OL_NCD0603O1",105.700000,34.000000,90.000000,top
"D203","~","OL_NCD0603O1",110.700000,34.000000,90.000000,top
"D204","~","OL_NCD0603O1",115.700000,34.000000,90.000000,top
"D205","~","OL_NCD0603O1",85.700000,30.000000,90.000000,top
"D206","~","OL_NCD0603O1",90.700000,30.000000,90.000000,top
"D207","~","OL_NCD0603O1",95.700000,30.000000,90.000000,top
"D208","~","OL_NCD0603O1",100.700000,30.000000,90.000000,top
"D209","~","OL_NCD0603O1",105.700000,30.000000,90.000000,top
"D210","~","OL_NCD0603O1",110.700000,30.000000,90.000000,top
"D211","~","OL_NCD0603O1",115.700000,30.000000,90.000000,top
"D212","~","OL_NCD0603O1",85.700000,26.000000,90.000000,top
"D213","~","OL_NCD0603O1",90.700000,26.000000,90.000000,top
"D215","~","OL_NCD0603O1",85.700000,128.000000,90.000000,top
"D216","~","OL_NCD0603O1",90.700000,128.000000,90.000000,top
"D217","~","OL_NCD0603O1",95.700000,128.000000,90.000000,top
"D218","~","OL_NCD0603O1",100.700000,128.000000,90.000000,top
"D219","~","OL_NCD0603O1",105.700000,128.000000,90.000000,top
"D220","~","OL_NCD0603O1",110.700000,128.000000,90.000000,top
"D221","~","OL_NCD0603O1",115.700000,128.000000,90.000000,top
"D222","~","OL_NCD0603O1",85.700000,124.000000,90.000000,top
"D223","~","OL_NCD0603O1",90.700000,124.000000,90.000000,top
"D224","~","OL_NCD0603O1",95.700000,124.000000,90.000000,top
"D225","~","OL_NCD0603O1",100.700000,124.000000,90.000000,top
"D226","~","OL_NCD0603O1",105.700000,124.000000,90.000000,top
"D227","~","OL_NCD0603O1",110.700000,124.000000,90.000000,top
"D228","~","OL_NCD0603O1",115.700000,124.000000,90.000000,top
"D229","~","OL_NCD0603O1",85.700000,120.000000,90.000000,top
"D230","~","OL_NCD0603O1",90.700000,120.000000,90.000000,top
"D231","~","OL_NCD0603O1",95.700000,120.000000,90.000000,top
"D232","~","OL_NCD0603O1",100.700000,120.000000,90.000000,top
"D233","~","OL_NCD0603O1",105.700000,120.000000,90.000000,top
"D234","~","OL_NCD0603O1",110.700000,120.000000,90.000000,top
"D235","~","OL_NCD0603O1",115.700000,120.000000,90.000000,top
"D236","~","OL_NCD0603O1",85.700000,116.000000,90.000000,top
"D237","~","OL_NCD0603O1",90.700000,116.000000,90.000000,top
"D238","~","OL_NCD0603O1",95.700000,116.000000,90.000000,top
"D239","~","OL_NCD0603O1",100.700000,116.000000,90.000000,top
"D240","~","OL_NCD0603O1",105.700000,116.000000,90.000000,top
"D241","~","OL_NCD0603O1",110.700000,116.000000,90.000000,top
"D242","~","OL_NCD0603O1",115.700000,116.000000,90.000000,top
"D243","~","OL_NCD0603O1",85.700000,112.000000,90.000000,top
"D244","~","OL_NCD0603O1",90.700000,112.000000,90.000000,top
"D245","~","OL_NCD0603O1",95.700000,112.000000,90.000000,top
"D246","~","OL_NCD0603O1",7.700000,85.000000,90.000000,top
"D247","~","OL_NCD0603O1",12.700000,85.000000,90.000000,top
"D248","~","OL_NCD0603O1",17.700000,85.000000,90.000000,top
"D249","~","OL_NCD0603O1",22.700000,85.000000,90.000000,top
"D250","~","OL_NCD0603O1",27.700000,85.000000,90.000000,top
"D251","~","OL_NCD0603O1",32.700000,85.000000,90.000000,top
"D252","~","OL_NCD0603O1",37.700000,85.000000,90.000000,top
"D253","~","OL_NCD0603O1",7.700000,81.000000,90.000000,top
"D254","~","OL_NCD0603O1",12.700000,81.000000,90.000000,top
"D255","~","OL_NCD0603O1",17.700000,81.000000,90.000000,top
"D256","~","OL_NCD0603O1",22.700000,81.000000,90.000000,top
"D257","~","OL_NCD0603O1",27.700000,81.000000,90.000000,top
"D258","~","OL_NCD0603O1",32.700000,81.000000,90.000000,top
"D259","~","OL_NCD0603O1",37.700000,81.000000,90.000000,top
"D260","~","OL_NCD0603O1",7.700000,77.000000,90.000000,top
"D261","~","OL_NCD0603O1",12.700000,77.000000,90.000000,top
"D262","~","OL_NCD0603O1",17.700000,77.000000,90.000000,top
"D263","~","OL_NCD0603O1",22.700000,77.000000,90.000000,top
"D264","~","OL_NCD0603O1",27.700000,77.000000,90.000000,top
"D265","~","OL_NCD0603O1",32.700000,77.000000,90.000000,top
"D266","~","OL_NCD0603O1",37.700000,77.000000,90.000000,top
"D267","~","OL_NCD0603O1",7.700000,73.000000,90.000000,top
"D268","~","OL_NCD0603O1",12.700000,73.000000,90.000000,top
"D269","~","OL_NCD0603O1",17.700000,73.000000,90.000000,top
"D270","~","OL_NCD0603O1",22.700000,73.000000,90.000000,top
"D271","~","OL_NCD0603O1",27.700000,73.000000,90.000000,top
"D272","~","OL_NCD0603O1",32.700000,73.000000,90.000000,top
"D273","~","OL_NCD0603O1",37.700000,73.000000,90.000000,top
"D274","~","OL_NCD0603O1",7.700000,69.000000,90.000000,top
"D275","~","OL_NCD0603O1",12.700000,69.000000,90.000000,top
"D276","~","OL_NCD0603O1",17.700000,69.000000,90.000000,top
"D277","~","OL_NCD0603O1",85.700000,85.000000,90.000000,top
"D278","~","OL_NCD0603O1",90.700000,85.000000,90.000000,top
"D279","~","OL_NCD0603O1",95.700000,85.000000,90.000000,top
"D280","~","OL_NCD0603O1",100.700000,85.000000,90.000000,top
"D281","~","OL_NCD0603O1",105.700000,85.000000,90.000000,top
"D282","~","OL_NCD0603O1",110.700000,85.000000,90.000000,top
"D283","~","OL_NCD0603O1",115.700000,85.000000,90.000000,top
"D284","~","OL_NCD0603O1",85.700000,81.000000,90.000000,top
"D285","~","OL_NCD0603O1",90.700000,81.000000,90.000000,top
"D286","~","OL_NCD0603O1",95.700000,81.000000,90.000000,top
"D287","~","OL_NCD0603O1",100.700000,81.000000,90.000000,top
"D288","~","OL_NCD0603O1",105.700000,81.000000,90.000000,top
"D289","~","OL_NCD0603O1",110.700000,81.000000,90.000000,top
"D290","~","OL_NCD0603O1",115.700000,81.000000,90.000000,top
"D291","~","OL_NCD0603O1",85.700000,77.000000,90.000000,top
"D292","~","OL_NCD0603O1",90.700000,77.000000,90.000000,top
"D293","~","OL_NCD0603O1",95.700000,77.000000,90.000000,top
"D294","~","OL_NCD0603O1",100.700000,77.000000,90.000000,top
"D295","~","OL_NCD0603O1",105.700000,77.000000,90.000000,top
"D296","~","OL_NCD0603O1",110.700000,77.000000,90.000000,top
"D297","~","OL_NCD0603O1",115.700000,77.000000,90.000000,top
"D298","~","OL_NCD0603O1",85.700000,73.000000,90.000000,top
"D299","~","OL_NCD0603O1",90.700000,73.000000,90.000000,top
"D300","~","OL_NCD0603O1",95.700000,73.000000,90.000000,top
"D301","~","OL_NCD0603O1",100.700000,73.000000,90.000000,top
"D302","~","OL_NCD0603O1",105.700000,73.000000,90.000000,top
"D303","~","OL_NCD0603O1",110.700000,73.000000,90.000000,top
"D304","~","OL_NCD0603O1",115.700000,73.000000,90.000000,top
"D305","~","OL_NCD0603O1",85.700000,69.000000,90.000000,top
"D306","~","OL_NCD0603O1",90.700000,69.000000,90.000000,top
"D307","~","OL_NCD0603O1",95.700000,69.000000,90.000000,top
"D308","~","OL_NCD0603O1",124.700000,85.000000,90.000000,top
"D309","~","OL_NCD0603O1",129.700000,85.000000,90.000000,top
"D310","~","OL_NCD0603O1",134.700000,85.000000,90.000000,top
"D311","~","OL_NCD0603O1",139.700000,85.000000,90.000000,top
"D312","~","OL_NCD0603O1",144.700000,85.000000,90.000000,top
"D313","~","OL_NCD0603O1",149.700000,85.000000,90.000000,top
"D314","~","OL_NCD0603O1",154.700000,85.000000,90.000000,top
"D315","~","OL_NCD0603O1",124.700000,81.000000,90.000000,top
"D316","~","OL_NCD0603O1",129.700000,81.000000,90.000000,top
"D317","~","OL_NCD0603O1",134.700000,81.000000,90.000000,top
"D318","~","OL_NCD0603O1",139.700000,81.000000,90.000000,top
"D319","~","OL_NCD0603O1",144.700000,81.000000,90.000000,top
"D320","~","OL_NCD0603O1",149.700000,81.000000,90.000000,top
"D321","~","OL_NCD0603O1",154.700000,81.000000,90.000000,top
"D322","~","OL_NCD0603O1",124.700000,77.000000,90.000000,top
"D323","~","OL_NCD0603O1",129.700000,77.000000,90.000000,top
"D324","~","OL_NCD0603O1",134.700000,77.000000,90.000000,top
"D325","~","OL_NCD0603O1",139.700000,77.000000,90.000000,top
"D326","~","OL_NCD0603O1",144.700000,77.000000,90.000000,top
"D327","~","OL_NCD0603O1",149.700000,77.000000,90.000000,top
"D328","~","OL_NCD0603O1",154.700000,77.000000,90.000000,top
"D329","~","OL_NCD0603O1",124.700000,73.000000,90.000000,top
"D330","~","OL_NCD0603O1",129.700000,73.000000,90.000000,top
"D331","~","OL_NCD0603O1",134.700000,73.000000,90.000000,top
"D332","~","OL_NCD0603O1",139.700000,73.000000,90.000000,top
"D333","~","OL_NCD0603O1",144.700000,73.000000,90.000000,top
"D334","~","OL_NCD0603O1",149.700000,73.000000,90.000000,top
"D335","~","OL_NCD0603O1",154.700000,73.000000,90.000000,top
"D336","~","OL_NCD0603O1",124.700000,69.000000,90.000000,top
"D337","~","OL_NCD0603O1",129.700000,69.000000,90.000000,top
"D338","~","OL_NCD0603O1",134.700000,69.000000,90.000000,top
"D339","~","OL_NCD0603O1",46.700000,42.000000,90.000000,top
"D340","~","OL_NCD0603O1",51.700000,42.000000,90.000000,top
"D341","~","OL_NCD0603O1",56.700000,42.000000,90.000000,top
"D342","~","OL_NCD0603O1",61.700000,42.000000,90.000000,top
"D343","~","OL_NCD0603O1",66.700000,42.000000,90.000000,top
"D344","~","OL_NCD0603O1",71.700000,42.000000,90.000000,top
"D345","~","OL_NCD0603O1",76.700000,42.000000,90.000000,top
"D346","~","OL_NCD0603O1",46.700000,38.000000,90.000000,top
"D347","~","OL_NCD0603O1",51.700000,38.000000,90.000000,top
"D348","~","OL_NCD0603O1",56.700000,38.000000,90.000000,top
"D349","~","OL_NCD0603O1",61.700000,38.000000,90.000000,top
"D350","~","OL_NCD0603O1",66.700000,38.000000,90.000000,top
"D351","~","OL_NCD0603O1",71.700000,38.000000,90.000000,top
"D352","~","OL_NCD0603O1",76.700000,38.000000,90.000000,top
"D353","~","OL_NCD0603O1",46.700000,34.000000,90.000000,top
"D354","~","OL_NCD0603O1",51.700000,34.000000,90.000000,top
"D355","~","OL_NCD0603O1",56.700000,34.000000,90.000000,top
"D356","~","OL_NCD0603O1",61.700000,34.000000,90.000000,top
"D357","~","OL_NCD0603O1",66.700000,34.000000,90.000000,top
"D358","~","OL_NCD0603O1",71.700000,34.000000,90.000000,top
"D359","~","OL_NCD0603O1",76.700000,34.000000,90.000000,top
"D360","~","OL_NCD0603O1",46.700000,30.000000,90.000000,top
"D361","~","OL_NCD0603O1",51.700000,30.000000,90.000000,top
"D362","~","OL_NCD0603O1",56.700000,30.000000,90.000000,top
"D363","~","OL_NCD0603O1",61.700000,30.000000,90.000000,top
"D364","~","OL_NCD0603O1",66.700000,30.000000,90.000000,top
"D365","~","OL_NCD0603O1",71.700000,30.000000,90.000000,top
"D366","~","OL_NCD0603O1",76.700000,30.000000,90.000000,top
"D367","~","OL_NCD0603O1",46.700000,26.000000,90.000000,top
"D368","~","OL_NCD0603O1",51.700000,26.000000,90.000000,top
"D369","~","OL_NCD0603O1",56.700000,26.000000,90.000000,top
"D370","~","OL_NCD0603O1",124.700000,42.000000,90.000000,top
"D371","~","OL_NCD0603O1",129.700000,42.000000,90.000000,top
"D372","~","OL_NCD0603O1",134.700000,42.000000,90.000000,top
"D373","~","OL_NCD0603O1",139.700000,42.000000,90.000000,top
"D374","~","OL_NCD0603O1",144.700000,42.000000,90.000000,top
"D375","~","OL_NCD0603O1",149.700000,42.000000,90.000000,top
"D376","~","OL_NCD0603O1",154.700000,42.000000,90.000000,top
"D377","~","OL_NCD0603O1",124.700000,38.000000,90.000000,top
"D378","~","OL_NCD0603O1",129.700000,38.000000,90.000000,top
"D379","~","OL_NCD0603O1",134.700000,38.000000,90.000000,top
"D380","~","OL_NCD0603O1",139.700000,38.000000,90.000000,top
"D381","~","OL_NCD0603O1",144.700000,38.000000,90.000000,top
"D382","~","OL_NCD0603O1",149.700000,38.000000,90.000000,top
"D383","~","OL_NCD0603O1",154.700000,38.000000,90.000000,top
"D384","~","OL_NCD0603O1",124.700000,34.000000,90.000000,top
"D385","~","OL_NCD0603O1",129.700000,34.000000,90.000000,top
"D386","~","OL_NCD0603O1",134.700000,34.000000,90.000000,top
"D387","~","OL_NCD0603O1",139.700000,34.000000,90.000000,top
"D388","~","OL_NCD0603O1",144.700000,34.000000,90.000000,top
"D389","~","OL_NCD0603O1",149.700000,34.000000,90.000000,top
"D390","~","OL_NCD0603O1",154.700000,34.000000,90.000000,top
"D391","~","OL_NCD0603O1",124.700000,30.000000,90.000000,top
"D392","~","OL_NCD0603O1",129.700000,30.000000,90.000000,top
"D393","~","OL_NCD0603O1",134.700000,30.000000,90.000000,top
"D394","~","OL_NCD0603O1",139.700000,30.000000,90.000000,top
"D395","~","OL_NCD0603O1",144.700000,30.000000,90.000000,top
"D396","~","OL_NCD0603O1",149.700000,30.000000,90.000000,top
"D397","~","OL_NCD0603O1",154.700000,30.000000,90.000000,top
"D398","~","OL_NCD0603O1",124.700000,26.000000,90.000000,top
"D399","~","OL_NCD0603O1",129.700000,26.000000,90.000000,top
"D400","~","OL_NCD0603O1",134.700000,26.000000,90.000000,top
"QL1","~","QL_TEMT6000X01",198.400000,127.600000,-90.000000,top
